producto_inei,unidad_medida,año_mes,precio_soles
AJO ENTERO,KILOGRAMO,2023-08,14.62
AJO ENTERO,KILOGRAMO,2023-09,14.65
AJO ENTERO,KILOGRAMO,2023-10,14.28
AJO ENTERO,KILOGRAMO,2023-11,14.45
AJO ENTERO,KILOGRAMO,2023-12,14.53
AJO ENTERO,KILOGRAMO,2024-01,15.63
AJO ENTERO,KILOGRAMO,2024-02,17.45
AJO ENTERO,KILOGRAMO,2024-03,18.77
AJO ENTERO,KILOGRAMO,2024-04,21.28
AJO ENTERO,KILOGRAMO,2024-05,21.52
AJO ENTERO,KILOGRAMO,2024-06,21.85
AJO ENTERO,KILOGRAMO,2024-07,23.58
AJO ENTERO,KILOGRAMO,2024-08,36.98
AJO ENTERO,KILOGRAMO,2024-09,27.21
AJO ENTERO,KILOGRAMO,2024-10,19.81
AJO ENTERO,KILOGRAMO,2024-11,18.32
AJO ENTERO,KILOGRAMO,2024-12,18.51
AJO ENTERO,KILOGRAMO,2025-01,19.64
AJO ENTERO,KILOGRAMO,2025-02,21.0
AJO ENTERO,KILOGRAMO,2025-03,22.43
AJO ENTERO,KILOGRAMO,2025-04,22.27
AJO ENTERO,KILOGRAMO,2025-05,22.23
AJO ENTERO,KILOGRAMO,2025-06,22.8
AJO ENTERO,KILOGRAMO,2025-07,22.24
AJO ENTERO,KILOGRAMO,2025-08,21.16
AJO ENTERO,KILOGRAMO,2025-09,20.53
AJO ENTERO,KILOGRAMO,2025-10,19.61
AJO ENTERO,KILOGRAMO,2025-11,19.11
AJO ENTERO,KILOGRAMO,2025-12,19.15
AJO ENTERO,KILOGRAMO,2026-01,18.73
AJO ENTERO,KILOGRAMO,2026-02,18.93
AJO ENTERO,KILOGRAMO,2026-03,19.14
AJO ENTERO,KILOGRAMO,2026-04,18.87
AJO ENTERO,KILOGRAMO,2026-05,18.64
AJO ENTERO,KILOGRAMO,2026-06,18.69
AJO ENTERO,KILOGRAMO,2026-07,18.48
AJO ENTERO,KILOGRAMO,2026-08,18.29
APIO,KILOGRAMO,2023-08,5.63
APIO,KILOGRAMO,2023-09,4.14
APIO,KILOGRAMO,2023-10,2.75
APIO,KILOGRAMO,2023-11,2.46
APIO,KILOGRAMO,2023-12,2.41
APIO,KILOGRAMO,2024-01,3.1
APIO,KILOGRAMO,2024-02,3.5
APIO,KILOGRAMO,2024-03,4.73
APIO,KILOGRAMO,2024-04,4.74
APIO,KILOGRAMO,2024-05,4.37
APIO,KILOGRAMO,2024-06,3.72
APIO,KILOGRAMO,2024-07,3.08
APIO,KILOGRAMO,2024-08,2.68
APIO,KILOGRAMO,2024-09,2.44
APIO,KILOGRAMO,2024-10,2.54
APIO,KILOGRAMO,2024-11,2.57
APIO,KILOGRAMO,2024-12,2.78
APIO,KILOGRAMO,2025-01,3.21
APIO,KILOGRAMO,2025-02,4.23
APIO,KILOGRAMO,2025-03,4.74
APIO,KILOGRAMO,2025-04,4.77
APIO,KILOGRAMO,2025-05,4.14
APIO,KILOGRAMO,2025-06,3.43
APIO,KILOGRAMO,2025-07,3.33
APIO,KILOGRAMO,2025-08,3.35
APIO,KILOGRAMO,2025-09,2.98
APIO,KILOGRAMO,2025-10,3.1
APIO,KILOGRAMO,2025-11,2.93
APIO,KILOGRAMO,2025-12,3.2
APIO,KILOGRAMO,2026-01,3.32
APIO,KILOGRAMO,2026-02,3.41
APIO,KILOGRAMO,2026-03,3.74
APIO,KILOGRAMO,2026-04,4.11
APIO,KILOGRAMO,2026-05,4.26
APIO,KILOGRAMO,2026-06,4.67
APIO,KILOGRAMO,2026-07,4.91
APIO,KILOGRAMO,2026-08,4.96
CAMOTE AMARILLO,KILOGRAMO,2023-08,2.71
CAMOTE AMARILLO,KILOGRAMO,2023-09,2.6
CAMOTE AMARILLO,KILOGRAMO,2023-10,2.37
CAMOTE AMARILLO,KILOGRAMO,2023-11,2.26
CAMOTE AMARILLO,KILOGRAMO,2023-12,2.16
CAMOTE AMARILLO,KILOGRAMO,2024-01,2.11
CAMOTE AMARILLO,KILOGRAMO,2024-02,2.12
CAMOTE AMARILLO,KILOGRAMO,2024-03,2.2
CAMOTE AMARILLO,KILOGRAMO,2024-04,2.27
CAMOTE AMARILLO,KILOGRAMO,2024-05,2.4
CAMOTE AMARILLO,KILOGRAMO,2024-06,2.7
CAMOTE AMARILLO,KILOGRAMO,2024-07,3.32
CAMOTE AMARILLO,KILOGRAMO,2024-08,3.98
CAMOTE AMARILLO,KILOGRAMO,2024-09,3.7
CAMOTE AMARILLO,KILOGRAMO,2024-10,3.39
CAMOTE AMARILLO,KILOGRAMO,2024-11,3.13
CAMOTE AMARILLO,KILOGRAMO,2024-12,2.67
CAMOTE AMARILLO,KILOGRAMO,2025-01,2.58
CAMOTE AMARILLO,KILOGRAMO,2025-02,2.55
CAMOTE AMARILLO,KILOGRAMO,2025-03,2.53
CAMOTE AMARILLO,KILOGRAMO,2025-04,2.56
CAMOTE AMARILLO,KILOGRAMO,2025-05,2.7
CAMOTE AMARILLO,KILOGRAMO,2025-06,2.58
CAMOTE AMARILLO,KILOGRAMO,2025-07,2.66
CAMOTE AMARILLO,KILOGRAMO,2025-08,2.57
CAMOTE AMARILLO,KILOGRAMO,2025-09,2.52
CAMOTE AMARILLO,KILOGRAMO,2025-10,2.52
CAMOTE AMARILLO,KILOGRAMO,2025-11,2.51
CAMOTE AMARILLO,KILOGRAMO,2025-12,2.6
CAMOTE AMARILLO,KILOGRAMO,2026-01,2.85
CAMOTE AMARILLO,KILOGRAMO,2026-02,3.22
CAMOTE AMARILLO,KILOGRAMO,2026-03,3.94
CAMOTE AMARILLO,KILOGRAMO,2026-04,4.03
CAMOTE AMARILLO,KILOGRAMO,2026-05,3.79
CAMOTE AMARILLO,KILOGRAMO,2026-06,3.57
CAMOTE AMARILLO,KILOGRAMO,2026-07,3.55
CAMOTE AMARILLO,KILOGRAMO,2026-08,3.35
CEBOLLA CABEZA,KILOGRAMO,2023-08,7.88
CEBOLLA CABEZA,KILOGRAMO,2023-09,6.17
CEBOLLA CABEZA,KILOGRAMO,2023-10,3.71
CEBOLLA CABEZA,KILOGRAMO,2023-11,2.91
CEBOLLA CABEZA,KILOGRAMO,2023-12,2.73
CEBOLLA CABEZA,KILOGRAMO,2024-01,2.71
CEBOLLA CABEZA,KILOGRAMO,2024-02,2.98
CEBOLLA CABEZA,KILOGRAMO,2024-03,3.97
CEBOLLA CABEZA,KILOGRAMO,2024-04,4.53
CEBOLLA CABEZA,KILOGRAMO,2024-05,3.98
CEBOLLA CABEZA,KILOGRAMO,2024-06,3.88
CEBOLLA CABEZA,KILOGRAMO,2024-07,3.54
CEBOLLA CABEZA,KILOGRAMO,2024-08,3.25
CEBOLLA CABEZA,KILOGRAMO,2024-09,2.91
CEBOLLA CABEZA,KILOGRAMO,2024-10,2.76
CEBOLLA CABEZA,KILOGRAMO,2024-11,2.75
CEBOLLA CABEZA,KILOGRAMO,2024-12,2.92
CEBOLLA CABEZA,KILOGRAMO,2025-01,2.86
CEBOLLA CABEZA,KILOGRAMO,2025-02,2.99
CEBOLLA CABEZA,KILOGRAMO,2025-03,3.25
CEBOLLA CABEZA,KILOGRAMO,2025-04,3.18
CEBOLLA CABEZA,KILOGRAMO,2025-05,3.16
CEBOLLA CABEZA,KILOGRAMO,2025-06,3.03
CEBOLLA CABEZA,KILOGRAMO,2025-07,3.03
CEBOLLA CABEZA,KILOGRAMO,2025-08,3.11
CEBOLLA CABEZA,KILOGRAMO,2025-09,3.73
CEBOLLA CABEZA,KILOGRAMO,2025-10,3.51
CEBOLLA CABEZA,KILOGRAMO,2025-11,3.26
CEBOLLA CABEZA,KILOGRAMO,2025-12,3.27
CEBOLLA CABEZA,KILOGRAMO,2026-01,3.23
CEBOLLA CABEZA,KILOGRAMO,2026-02,3.32
CEBOLLA CABEZA,KILOGRAMO,2026-03,3.6
CEBOLLA CABEZA,KILOGRAMO,2026-04,4.06
CEBOLLA CABEZA,KILOGRAMO,2026-05,3.93
CEBOLLA CABEZA,KILOGRAMO,2026-06,3.75
CEBOLLA CABEZA,KILOGRAMO,2026-07,3.5
CEBOLLA CABEZA,KILOGRAMO,2026-08,3.59
CEBOLLA CHINA,KILOGRAMO,2023-08,4.44
CEBOLLA CHINA,KILOGRAMO,2023-09,5.22
CEBOLLA CHINA,KILOGRAMO,2023-10,6.66
CEBOLLA CHINA,KILOGRAMO,2023-11,5.45
CEBOLLA CHINA,KILOGRAMO,2023-12,5.29
CEBOLLA CHINA,KILOGRAMO,2024-01,9.52
CEBOLLA CHINA,KILOGRAMO,2024-02,9.18
CEBOLLA CHINA,KILOGRAMO,2024-03,7.43
CEBOLLA CHINA,KILOGRAMO,2024-04,5.6
CEBOLLA CHINA,KILOGRAMO,2024-05,5.2
CEBOLLA CHINA,KILOGRAMO,2024-06,5.3
CEBOLLA CHINA,KILOGRAMO,2024-07,4.65
CEBOLLA CHINA,KILOGRAMO,2024-08,4.37
CEBOLLA CHINA,KILOGRAMO,2024-09,4.18
CEBOLLA CHINA,KILOGRAMO,2024-10,4.46
CEBOLLA CHINA,KILOGRAMO,2024-11,4.39
CEBOLLA CHINA,KILOGRAMO,2024-12,4.41
CEBOLLA CHINA,KILOGRAMO,2025-01,5.18
CEBOLLA CHINA,KILOGRAMO,2025-02,5.23
CEBOLLA CHINA,KILOGRAMO,2025-03,5.28
CEBOLLA CHINA,KILOGRAMO,2025-04,5.99
CEBOLLA CHINA,KILOGRAMO,2025-05,5.08
CEBOLLA CHINA,KILOGRAMO,2025-06,4.86
CEBOLLA CHINA,KILOGRAMO,2025-07,6.17
CEBOLLA CHINA,KILOGRAMO,2025-08,7.25
CEBOLLA CHINA,KILOGRAMO,2025-09,5.09
CEBOLLA CHINA,KILOGRAMO,2025-10,4.57
CEBOLLA CHINA,KILOGRAMO,2025-11,5.58
CEBOLLA CHINA,KILOGRAMO,2025-12,9.76
CEBOLLA CHINA,KILOGRAMO,2026-01,7.01
CEBOLLA CHINA,KILOGRAMO,2026-02,5.56
CEBOLLA CHINA,KILOGRAMO,2026-03,5.94
CEBOLLA CHINA,KILOGRAMO,2026-04,5.9
CEBOLLA CHINA,KILOGRAMO,2026-05,6.59
CEBOLLA CHINA,KILOGRAMO,2026-06,6.02
CEBOLLA CHINA,KILOGRAMO,2026-07,5.91
CEBOLLA CHINA,KILOGRAMO,2026-08,6.73
ESPINACA,KILOGRAMO,2023-08,7.83
ESPINACA,KILOGRAMO,2023-09,6.36
ESPINACA,KILOGRAMO,2023-10,5.31
ESPINACA,KILOGRAMO,2023-11,5.51
ESPINACA,KILOGRAMO,2023-12,5.58
ESPINACA,KILOGRAMO,2024-01,5.53
ESPINACA,KILOGRAMO,2024-02,5.93
ESPINACA,KILOGRAMO,2024-03,7.71
ESPINACA,KILOGRAMO,2024-04,7.21
ESPINACA,KILOGRAMO,2024-05,6.31
ESPINACA,KILOGRAMO,2024-06,6.22
ESPINACA,KILOGRAMO,2024-07,5.77
ESPINACA,KILOGRAMO,2024-08,5.51
ESPINACA,KILOGRAMO,2024-09,5.43
ESPINACA,KILOGRAMO,2024-10,5.91
ESPINACA,KILOGRAMO,2024-11,5.72
ESPINACA,KILOGRAMO,2024-12,5.81
ESPINACA,KILOGRAMO,2025-01,6.42
ESPINACA,KILOGRAMO,2025-02,6.35
ESPINACA,KILOGRAMO,2025-03,6.56
ESPINACA,KILOGRAMO,2025-04,6.59
ESPINACA,KILOGRAMO,2025-05,7.06
ESPINACA,KILOGRAMO,2025-06,6.69
ESPINACA,KILOGRAMO,2025-07,6.47
ESPINACA,KILOGRAMO,2025-08,5.99
ESPINACA,KILOGRAMO,2025-09,5.83
ESPINACA,KILOGRAMO,2025-10,5.59
ESPINACA,KILOGRAMO,2025-11,5.6
ESPINACA,KILOGRAMO,2025-12,5.91
ESPINACA,KILOGRAMO,2026-01,6.03
ESPINACA,KILOGRAMO,2026-02,5.93
ESPINACA,KILOGRAMO,2026-03,6.38
ESPINACA,KILOGRAMO,2026-04,6.68
ESPINACA,KILOGRAMO,2026-05,6.78
ESPINACA,KILOGRAMO,2026-06,7.33
ESPINACA,KILOGRAMO,2026-07,6.82
ESPINACA,KILOGRAMO,2026-08,6.6
LIMON,KILOGRAMO,2023-08,9.8
LIMON,KILOGRAMO,2023-09,16.13
LIMON,KILOGRAMO,2023-10,8.65
LIMON,KILOGRAMO,2023-11,4.36
LIMON,KILOGRAMO,2023-12,3.63
LIMON,KILOGRAMO,2024-01,3.97
LIMON,KILOGRAMO,2024-02,3.87
LIMON,KILOGRAMO,2024-03,3.85
LIMON,KILOGRAMO,2024-04,4.25
LIMON,KILOGRAMO,2024-05,4.02
LIMON,KILOGRAMO,2024-06,3.92
LIMON,KILOGRAMO,2024-07,3.85
LIMON,KILOGRAMO,2024-08,3.75
LIMON,KILOGRAMO,2024-09,3.73
LIMON,KILOGRAMO,2024-10,4.39
LIMON,KILOGRAMO,2024-11,4.38
LIMON,KILOGRAMO,2024-12,4.2
LIMON,KILOGRAMO,2025-01,4.25
LIMON,KILOGRAMO,2025-02,4.28
LIMON,KILOGRAMO,2025-03,4.37
LIMON,KILOGRAMO,2025-04,4.36
LIMON,KILOGRAMO,2025-05,4.06
LIMON,KILOGRAMO,2025-06,4.04
LIMON,KILOGRAMO,2025-07,4.36
LIMON,KILOGRAMO,2025-08,5.84
LIMON,KILOGRAMO,2025-09,6.9
LIMON,KILOGRAMO,2025-10,6.73
LIMON,KILOGRAMO,2025-11,5.45
LIMON,KILOGRAMO,2025-12,4.59
LIMON,KILOGRAMO,2026-01,4.28
LIMON,KILOGRAMO,2026-02,4.35
LIMON,KILOGRAMO,2026-03,4.62
LIMON,KILOGRAMO,2026-04,4.82
LIMON,KILOGRAMO,2026-05,4.69
LIMON,KILOGRAMO,2026-06,4.6
LIMON,KILOGRAMO,2026-07,4.72
LIMON,KILOGRAMO,2026-08,4.74
MAIZ MORADO,KILOGRAMO,2023-08,6.03
MAIZ MORADO,KILOGRAMO,2023-09,5.68
MAIZ MORADO,KILOGRAMO,2023-10,4.99
MAIZ MORADO,KILOGRAMO,2023-11,4.82
MAIZ MORADO,KILOGRAMO,2023-12,4.81
MAIZ MORADO,KILOGRAMO,2024-01,5.31
MAIZ MORADO,KILOGRAMO,2024-02,5.74
MAIZ MORADO,KILOGRAMO,2024-03,5.41
MAIZ MORADO,KILOGRAMO,2024-04,5.04
MAIZ MORADO,KILOGRAMO,2024-05,4.82
MAIZ MORADO,KILOGRAMO,2024-06,4.73
MAIZ MORADO,KILOGRAMO,2024-07,4.82
MAIZ MORADO,KILOGRAMO,2024-08,4.78
MAIZ MORADO,KILOGRAMO,2024-09,4.63
MAIZ MORADO,KILOGRAMO,2024-10,4.57
MAIZ MORADO,KILOGRAMO,2024-11,4.54
MAIZ MORADO,KILOGRAMO,2024-12,4.53
MAIZ MORADO,KILOGRAMO,2025-01,4.48
MAIZ MORADO,KILOGRAMO,2025-02,4.44
MAIZ MORADO,KILOGRAMO,2025-03,4.54
MAIZ MORADO,KILOGRAMO,2025-04,4.59
MAIZ MORADO,KILOGRAMO,2025-05,4.71
MAIZ MORADO,KILOGRAMO,2025-06,5.32
MAIZ MORADO,KILOGRAMO,2025-07,5.6
MAIZ MORADO,KILOGRAMO,2025-08,5.41
MAIZ MORADO,KILOGRAMO,2025-09,5.34
MAIZ MORADO,KILOGRAMO,2025-10,5.33
MAIZ MORADO,KILOGRAMO,2025-11,5.33
MAIZ MORADO,KILOGRAMO,2025-12,5.31
MAIZ MORADO,KILOGRAMO,2026-01,5.34
MAIZ MORADO,KILOGRAMO,2026-02,5.43
MAIZ MORADO,KILOGRAMO,2026-03,5.49
MAIZ MORADO,KILOGRAMO,2026-04,5.76
MAIZ MORADO,KILOGRAMO,2026-05,5.95
MAIZ MORADO,KILOGRAMO,2026-06,5.93
MAIZ MORADO,KILOGRAMO,2026-07,5.6
MAIZ MORADO,KILOGRAMO,2026-08,5.64
OLLUCO LARGO,KILOGRAMO,2023-08,6.64
OLLUCO LARGO,KILOGRAMO,2023-09,6.98
OLLUCO LARGO,KILOGRAMO,2023-10,7.83
OLLUCO LARGO,KILOGRAMO,2023-11,8.02
OLLUCO LARGO,KILOGRAMO,2023-12,8.13
OLLUCO LARGO,KILOGRAMO,2024-01,8.29
OLLUCO LARGO,KILOGRAMO,2024-02,7.75
OLLUCO LARGO,KILOGRAMO,2024-03,7.02
OLLUCO LARGO,KILOGRAMO,2024-04,6.27
OLLUCO LARGO,KILOGRAMO,2024-05,5.61
OLLUCO LARGO,KILOGRAMO,2024-06,5.46
OLLUCO LARGO,KILOGRAMO,2024-07,5.35
OLLUCO LARGO,KILOGRAMO,2024-08,5.28
OLLUCO LARGO,KILOGRAMO,2024-09,5.11
OLLUCO LARGO,KILOGRAMO,2024-10,5.08
OLLUCO LARGO,KILOGRAMO,2024-11,4.99
OLLUCO LARGO,KILOGRAMO,2024-12,5.21
OLLUCO LARGO,KILOGRAMO,2025-01,6.03
OLLUCO LARGO,KILOGRAMO,2025-02,6.29
OLLUCO LARGO,KILOGRAMO,2025-03,5.95
OLLUCO LARGO,KILOGRAMO,2025-04,5.98
OLLUCO LARGO,KILOGRAMO,2025-05,5.57
OLLUCO LARGO,KILOGRAMO,2025-06,5.41
OLLUCO LARGO,KILOGRAMO,2025-07,5.38
OLLUCO LARGO,KILOGRAMO,2025-08,5.31
OLLUCO LARGO,KILOGRAMO,2025-09,5.25
OLLUCO LARGO,KILOGRAMO,2025-10,5.25
OLLUCO LARGO,KILOGRAMO,2025-11,5.27
OLLUCO LARGO,KILOGRAMO,2025-12,5.33
OLLUCO LARGO,KILOGRAMO,2026-01,5.47
OLLUCO LARGO,KILOGRAMO,2026-02,5.59
OLLUCO LARGO,KILOGRAMO,2026-03,5.83
OLLUCO LARGO,KILOGRAMO,2026-04,5.89
OLLUCO LARGO,KILOGRAMO,2026-05,5.85
OLLUCO LARGO,KILOGRAMO,2026-06,5.78
OLLUCO LARGO,KILOGRAMO,2026-07,5.76
OLLUCO LARGO,KILOGRAMO,2026-08,5.92
PAPA AMARILLA,KILOGRAMO,2023-08,4.45
PAPA AMARILLA,KILOGRAMO,2023-09,5.39
PAPA AMARILLA,KILOGRAMO,2023-10,6.23
PAPA AMARILLA,KILOGRAMO,2023-11,6.4
PAPA AMARILLA,KILOGRAMO,2023-12,6.62
PAPA AMARILLA,KILOGRAMO,2024-01,6.16
PAPA AMARILLA,KILOGRAMO,2024-02,5.53
PAPA AMARILLA,KILOGRAMO,2024-03,5.18
PAPA AMARILLA,KILOGRAMO,2024-04,4.78
PAPA AMARILLA,KILOGRAMO,2024-05,4.59
PAPA AMARILLA,KILOGRAMO,2024-06,4.95
PAPA AMARILLA,KILOGRAMO,2024-07,5.54
PAPA AMARILLA,KILOGRAMO,2024-08,6.05
PAPA AMARILLA,KILOGRAMO,2024-09,5.82
PAPA AMARILLA,KILOGRAMO,2024-10,5.24
PAPA AMARILLA,KILOGRAMO,2024-11,4.85
PAPA AMARILLA,KILOGRAMO,2024-12,4.61
PAPA AMARILLA,KILOGRAMO,2025-01,5.08
PAPA AMARILLA,KILOGRAMO,2025-02,5.28
PAPA AMARILLA,KILOGRAMO,2025-03,5.22
PAPA AMARILLA,KILOGRAMO,2025-04,5.1
PAPA AMARILLA,KILOGRAMO,2025-05,5.11
PAPA AMARILLA,KILOGRAMO,2025-06,5.12
PAPA AMARILLA,KILOGRAMO,2025-07,5.02
PAPA AMARILLA,KILOGRAMO,2025-08,4.94
PAPA AMARILLA,KILOGRAMO,2025-09,4.84
PAPA AMARILLA,KILOGRAMO,2025-10,4.81
PAPA AMARILLA,KILOGRAMO,2025-11,4.77
PAPA AMARILLA,KILOGRAMO,2025-12,5.05
PAPA AMARILLA,KILOGRAMO,2026-01,5.3
PAPA AMARILLA,KILOGRAMO,2026-02,5.26
PAPA AMARILLA,KILOGRAMO,2026-03,5.6
PAPA AMARILLA,KILOGRAMO,2026-04,5.58
PAPA AMARILLA,KILOGRAMO,2026-05,5.19
PAPA AMARILLA,KILOGRAMO,2026-06,4.99
PAPA AMARILLA,KILOGRAMO,2026-07,4.87
PAPA AMARILLA,KILOGRAMO,2026-08,4.85
PAPA BLANCA,KILOGRAMO,2023-08,2.13
PAPA BLANCA,KILOGRAMO,2023-09,2.09
PAPA BLANCA,KILOGRAMO,2023-10,2.11
PAPA BLANCA,KILOGRAMO,2023-11,2.2
PAPA BLANCA,KILOGRAMO,2023-12,2.43
PAPA BLANCA,KILOGRAMO,2024-01,2.51
PAPA BLANCA,KILOGRAMO,2024-02,2.31
PAPA BLANCA,KILOGRAMO,2024-03,2.2
PAPA BLANCA,KILOGRAMO,2024-04,2.16
PAPA BLANCA,KILOGRAMO,2024-05,2.14
PAPA BLANCA,KILOGRAMO,2024-06,2.18
PAPA BLANCA,KILOGRAMO,2024-07,2.42
PAPA BLANCA,KILOGRAMO,2024-08,2.89
PAPA BLANCA,KILOGRAMO,2024-09,3.18
PAPA BLANCA,KILOGRAMO,2024-10,3.16
PAPA BLANCA,KILOGRAMO,2024-11,2.79
PAPA BLANCA,KILOGRAMO,2024-12,2.49
PAPA BLANCA,KILOGRAMO,2025-01,2.38
PAPA BLANCA,KILOGRAMO,2025-02,2.28
PAPA BLANCA,KILOGRAMO,2025-03,2.25
PAPA BLANCA,KILOGRAMO,2025-04,2.26
PAPA BLANCA,KILOGRAMO,2025-05,2.3
PAPA BLANCA,KILOGRAMO,2025-06,2.3
PAPA BLANCA,KILOGRAMO,2025-07,2.4
PAPA BLANCA,KILOGRAMO,2025-08,2.39
PAPA BLANCA,KILOGRAMO,2025-09,2.42
PAPA BLANCA,KILOGRAMO,2025-10,2.38
PAPA BLANCA,KILOGRAMO,2025-11,2.24
PAPA BLANCA,KILOGRAMO,2025-12,2.23
PAPA BLANCA,KILOGRAMO,2026-01,2.32
PAPA BLANCA,KILOGRAMO,2026-02,2.36
PAPA BLANCA,KILOGRAMO,2026-03,2.95
PAPA BLANCA,KILOGRAMO,2026-04,3.27
PAPA BLANCA,KILOGRAMO,2026-05,3.08
PAPA BLANCA,KILOGRAMO,2026-06,2.86
PAPA BLANCA,KILOGRAMO,2026-07,2.7
PAPA BLANCA,KILOGRAMO,2026-08,2.61
PAPA HUAYRO,KILOGRAMO,2023-08,3.67
PAPA HUAYRO,KILOGRAMO,2023-09,3.98
PAPA HUAYRO,KILOGRAMO,2023-10,4.56
PAPA HUAYRO,KILOGRAMO,2023-11,5.13
PAPA HUAYRO,KILOGRAMO,2023-12,5.47
PAPA HUAYRO,KILOGRAMO,2024-01,5.2
PAPA HUAYRO,KILOGRAMO,2024-02,4.42
PAPA HUAYRO,KILOGRAMO,2024-03,3.99
PAPA HUAYRO,KILOGRAMO,2024-04,3.7
PAPA HUAYRO,KILOGRAMO,2024-05,3.57
PAPA HUAYRO,KILOGRAMO,2024-06,3.69
PAPA HUAYRO,KILOGRAMO,2024-07,3.98
PAPA HUAYRO,KILOGRAMO,2024-08,4.19
PAPA HUAYRO,KILOGRAMO,2024-09,4.29
PAPA HUAYRO,KILOGRAMO,2024-10,4.27
PAPA HUAYRO,KILOGRAMO,2024-11,4.35
PAPA HUAYRO,KILOGRAMO,2024-12,4.38
PAPA HUAYRO,KILOGRAMO,2025-01,4.58
PAPA HUAYRO,KILOGRAMO,2025-02,4.46
PAPA HUAYRO,KILOGRAMO,2025-03,4.23
PAPA HUAYRO,KILOGRAMO,2025-04,4.2
PAPA HUAYRO,KILOGRAMO,2025-05,4.18
PAPA HUAYRO,KILOGRAMO,2025-06,4.16
PAPA HUAYRO,KILOGRAMO,2025-07,4.08
PAPA HUAYRO,KILOGRAMO,2025-08,4.1
PAPA HUAYRO,KILOGRAMO,2025-09,3.95
PAPA HUAYRO,KILOGRAMO,2025-10,3.97
PAPA HUAYRO,KILOGRAMO,2025-11,4.12
PAPA HUAYRO,KILOGRAMO,2025-12,4.43
PAPA HUAYRO,KILOGRAMO,2026-01,4.72
PAPA HUAYRO,KILOGRAMO,2026-02,4.54
PAPA HUAYRO,KILOGRAMO,2026-03,4.7
PAPA HUAYRO,KILOGRAMO,2026-04,4.62
PAPA HUAYRO,KILOGRAMO,2026-05,4.37
PAPA HUAYRO,KILOGRAMO,2026-06,4.17
PAPA HUAYRO,KILOGRAMO,2026-07,4.12
PAPA HUAYRO,KILOGRAMO,2026-08,4.07
PORO,KILOGRAMO,2023-08,5.75
PORO,KILOGRAMO,2023-09,5.88
PORO,KILOGRAMO,2023-10,5.83
PORO,KILOGRAMO,2023-11,5.45
PORO,KILOGRAMO,2023-12,5.04
PORO,KILOGRAMO,2024-01,5.1
PORO,KILOGRAMO,2024-02,5.39
PORO,KILOGRAMO,2024-03,5.67
PORO,KILOGRAMO,2024-04,6.35
PORO,KILOGRAMO,2024-05,6.05
PORO,KILOGRAMO,2024-06,5.56
PORO,KILOGRAMO,2024-07,5.04
PORO,KILOGRAMO,2024-08,4.31
PORO,KILOGRAMO,2024-09,3.83
PORO,KILOGRAMO,2024-10,3.63
PORO,KILOGRAMO,2024-11,3.81
PORO,KILOGRAMO,2024-12,3.98
PORO,KILOGRAMO,2025-01,4.24
PORO,KILOGRAMO,2025-02,4.73
PORO,KILOGRAMO,2025-03,5.51
PORO,KILOGRAMO,2025-04,6.39
PORO,KILOGRAMO,2025-05,6.1
PORO,KILOGRAMO,2025-06,5.2
PORO,KILOGRAMO,2025-07,4.67
PORO,KILOGRAMO,2025-08,4.85
PORO,KILOGRAMO,2025-09,4.3
PORO,KILOGRAMO,2025-10,3.85
PORO,KILOGRAMO,2025-11,3.9
PORO,KILOGRAMO,2025-12,4.54
PORO,KILOGRAMO,2026-01,4.92
PORO,KILOGRAMO,2026-02,4.96
PORO,KILOGRAMO,2026-03,5.79
PORO,KILOGRAMO,2026-04,6.34
PORO,KILOGRAMO,2026-05,6.39
PORO,KILOGRAMO,2026-06,6.42
PORO,KILOGRAMO,2026-07,5.88
PORO,KILOGRAMO,2026-08,5.74
VAINITA AMERICANA,KILOGRAMO,2023-08,6.09
VAINITA AMERICANA,KILOGRAMO,2023-09,5.81
VAINITA AMERICANA,KILOGRAMO,2023-10,5.58
VAINITA AMERICANA,KILOGRAMO,2023-11,5.43
VAINITA AMERICANA,KILOGRAMO,2023-12,5.24
VAINITA AMERICANA,KILOGRAMO,2024-01,5.25
VAINITA AMERICANA,KILOGRAMO,2024-02,5.56
VAINITA AMERICANA,KILOGRAMO,2024-03,6.98
VAINITA AMERICANA,KILOGRAMO,2024-04,7.69
VAINITA AMERICANA,KILOGRAMO,2024-05,7.35
VAINITA AMERICANA,KILOGRAMO,2024-06,7.23
VAINITA AMERICANA,KILOGRAMO,2024-07,6.5
VAINITA AMERICANA,KILOGRAMO,2024-08,6.14
VAINITA AMERICANA,KILOGRAMO,2024-09,5.7
VAINITA AMERICANA,KILOGRAMO,2024-10,5.59
VAINITA AMERICANA,KILOGRAMO,2024-11,5.55
VAINITA AMERICANA,KILOGRAMO,2024-12,6.13
VAINITA AMERICANA,KILOGRAMO,2025-01,6.26
VAINITA AMERICANA,KILOGRAMO,2025-02,6.2
VAINITA AMERICANA,KILOGRAMO,2025-03,6.22
VAINITA AMERICANA,KILOGRAMO,2025-04,6.05
VAINITA AMERICANA,KILOGRAMO,2025-05,5.86
VAINITA AMERICANA,KILOGRAMO,2025-06,6.36
VAINITA AMERICANA,KILOGRAMO,2025-07,6.78
VAINITA AMERICANA,KILOGRAMO,2025-08,7.0
VAINITA AMERICANA,KILOGRAMO,2025-09,7.19
VAINITA AMERICANA,KILOGRAMO,2025-10,6.22
VAINITA AMERICANA,KILOGRAMO,2025-11,5.91
VAINITA AMERICANA,KILOGRAMO,2025-12,5.99
VAINITA AMERICANA,KILOGRAMO,2026-01,6.01
VAINITA AMERICANA,KILOGRAMO,2026-02,6.13
VAINITA AMERICANA,KILOGRAMO,2026-03,7.92
VAINITA AMERICANA,KILOGRAMO,2026-04,7.34
VAINITA AMERICANA,KILOGRAMO,2026-05,6.71
VAINITA AMERICANA,KILOGRAMO,2026-06,6.3
VAINITA AMERICANA,KILOGRAMO,2026-07,6.74
VAINITA AMERICANA,KILOGRAMO,2026-08,6.89
ZANAHORIA,KILOGRAMO,2023-08,3.01
ZANAHORIA,KILOGRAMO,2023-09,2.81
ZANAHORIA,KILOGRAMO,2023-10,2.92
ZANAHORIA,KILOGRAMO,2023-11,3.23
ZANAHORIA,KILOGRAMO,2023-12,2.91
ZANAHORIA,KILOGRAMO,2024-01,2.64
ZANAHORIA,KILOGRAMO,2024-02,2.45
ZANAHORIA,KILOGRAMO,2024-03,2.36
ZANAHORIA,KILOGRAMO,2024-04,2.32
ZANAHORIA,KILOGRAMO,2024-05,2.45
ZANAHORIA,KILOGRAMO,2024-06,2.58
ZANAHORIA,KILOGRAMO,2024-07,2.66
ZANAHORIA,KILOGRAMO,2024-08,2.65
ZANAHORIA,KILOGRAMO,2024-09,2.42
ZANAHORIA,KILOGRAMO,2024-10,2.33
ZANAHORIA,KILOGRAMO,2024-11,2.25
ZANAHORIA,KILOGRAMO,2024-12,2.25
ZANAHORIA,KILOGRAMO,2025-01,2.37
ZANAHORIA,KILOGRAMO,2025-02,2.44
ZANAHORIA,KILOGRAMO,2025-03,2.61
ZANAHORIA,KILOGRAMO,2025-04,2.73
ZANAHORIA,KILOGRAMO,2025-05,3.13
ZANAHORIA,KILOGRAMO,2025-06,3.5
ZANAHORIA,KILOGRAMO,2025-07,3.34
ZANAHORIA,KILOGRAMO,2025-08,3.18
ZANAHORIA,KILOGRAMO,2025-09,3.15
ZANAHORIA,KILOGRAMO,2025-10,2.91
ZANAHORIA,KILOGRAMO,2025-11,3.12
ZANAHORIA,KILOGRAMO,2025-12,3.23
ZANAHORIA,KILOGRAMO,2026-01,3.42
ZANAHORIA,KILOGRAMO,2026-02,3.21
ZANAHORIA,KILOGRAMO,2026-03,3.35
ZANAHORIA,KILOGRAMO,2026-04,3.4
ZANAHORIA,KILOGRAMO,2026-05,3.33
ZANAHORIA,KILOGRAMO,2026-06,3.37
ZANAHORIA,KILOGRAMO,2026-07,3.24
ZANAHORIA,KILOGRAMO,2026-08,3.16
ZAPALLO MACRE,KILOGRAMO,2023-08,4.2
ZAPALLO MACRE,KILOGRAMO,2023-09,4.14
ZAPALLO MACRE,KILOGRAMO,2023-10,3.8
ZAPALLO MACRE,KILOGRAMO,2023-11,3.49
ZAPALLO MACRE,KILOGRAMO,2023-12,3.26
ZAPALLO MACRE,KILOGRAMO,2024-01,3.26
ZAPALLO MACRE,KILOGRAMO,2024-02,3.1
ZAPALLO MACRE,KILOGRAMO,2024-03,3.11
ZAPALLO MACRE,KILOGRAMO,2024-04,3.19
ZAPALLO MACRE,KILOGRAMO,2024-05,3.52
ZAPALLO MACRE,KILOGRAMO,2024-06,3.45
ZAPALLO MACRE,KILOGRAMO,2024-07,3.13
ZAPALLO MACRE,KILOGRAMO,2024-08,2.99
ZAPALLO MACRE,KILOGRAMO,2024-09,3.07
ZAPALLO MACRE,KILOGRAMO,2024-10,3.13
ZAPALLO MACRE,KILOGRAMO,2024-11,3.06
ZAPALLO MACRE,KILOGRAMO,2024-12,2.98
ZAPALLO MACRE,KILOGRAMO,2025-01,3.05
ZAPALLO MACRE,KILOGRAMO,2025-02,3.14
ZAPALLO MACRE,KILOGRAMO,2025-03,3.27
ZAPALLO MACRE,KILOGRAMO,2025-04,3.36
ZAPALLO MACRE,KILOGRAMO,2025-05,3.35
ZAPALLO MACRE,KILOGRAMO,2025-06,3.28
ZAPALLO MACRE,KILOGRAMO,2025-07,3.16
ZAPALLO MACRE,KILOGRAMO,2025-08,3.21
ZAPALLO MACRE,KILOGRAMO,2025-09,3.23
ZAPALLO MACRE,KILOGRAMO,2025-10,3.29
ZAPALLO MACRE,KILOGRAMO,2025-11,3.34
ZAPALLO MACRE,KILOGRAMO,2025-12,3.38
ZAPALLO MACRE,KILOGRAMO,2026-01,3.49
ZAPALLO MACRE,KILOGRAMO,2026-02,3.4
ZAPALLO MACRE,KILOGRAMO,2026-03,3.4
ZAPALLO MACRE,KILOGRAMO,2026-04,3.48
ZAPALLO MACRE,KILOGRAMO,2026-05,3.45
ZAPALLO MACRE,KILOGRAMO,2026-06,3.52
ZAPALLO MACRE,KILOGRAMO,2026-07,3.58
ZAPALLO MACRE,KILOGRAMO,2026-08,3.63
